{
  "best_model": "catboost",
  "best_test_roc_auc": 0.9918414918414918,
  "all_results": {
    "logistic": {
      "cv_score": 0.9369552121924037,
      "test_metrics": {
        "accuracy": 0.88,
        "precision": 0.7083333333333334,
        "recall": 0.7727272727272727,
        "f1_score": 0.7391304347826086,
        "roc_auc": 0.8991841491841491
      },
      "best_params": {
        "C": 0.8772175832198137,
        "penalty": "l1",
        "solver": "liblinear",
        "class_weight": null
      }
    },
    "random_forest": {
      "cv_score": 0.9506972681545737,
      "test_metrics": {
        "accuracy": 0.89,
        "precision": 0.8235294117647058,
        "recall": 0.6363636363636364,
        "f1_score": 0.717948717948718,
        "roc_auc": 0.9382284382284383
      },
      "best_params": {
        "n_estimators": 395,
        "max_depth": 18,
        "min_samples_split": 9,
        "min_samples_leaf": 4,
        "max_features": "sqrt",
        "class_weight": null
      }
    },
    "svm": {
      "cv_score": 0.9092301436703714,
      "test_metrics": {
        "accuracy": 0.82,
        "precision": 0.5588235294117647,
        "recall": 0.8636363636363636,
        "f1_score": 0.6785714285714286,
        "roc_auc": 0.8814102564102565
      },
      "best_params": {
        "C": 1.1167732222179887,
        "kernel": "rbf",
        "gamma": "auto",
        "class_weight": "balanced"
      }
    },
    "catboost": {
      "cv_score": 0.9770112346013675,
      "test_metrics": {
        "accuracy": 0.96,
        "precision": 0.875,
        "recall": 0.9545454545454546,
        "f1_score": 0.9130434782608695,
        "roc_auc": 0.9918414918414918
      },
      "best_params": {
        "depth": 8,
        "iterations": 163,
        "learning_rate": 0.2948598768731473,
        "l2_leaf_reg": 9.051455649912496
      }
    },
    "lightgbm": {
      "cv_score": 0.979865064305292,
      "test_metrics": {
        "accuracy": 0.9,
        "precision": 0.7307692307692307,
        "recall": 0.8636363636363636,
        "f1_score": 0.7916666666666666,
        "roc_auc": 0.9586247086247086
      },
      "best_params": {
        "n_estimators": 705,
        "max_depth": 15,
        "learning_rate": 0.07477667202359928,
        "num_leaves": 179,
        "min_child_samples": 42,
        "subsample": 0.5539062441560267,
        "colsample_bytree": 0.7103060184069835
      }
    }
  },
  "training_config": {
    "n_trials": 50,
    "cv_folds": 5,
    "test_size": 0.2,
    "random_state": 42
  },
  "timestamp": "20251027_115914"
}